id;uid;code;name;created;last_updated;title;subtitle;content;active;visited_count
1;Plastic Pla;Shirt Plastic;bypass repurpose AGP;2021-11-27T09:53:40;2021-11-27T22:58:56;Concrete;Frozen;bus;true;64819
2;Ergonomic M;Facilitator dot-com;lavender RAM;2021-11-27T10:50:50;2021-11-27T07:16:59;teal Cotton copy;orchestration;ivory Algerian Loan;false;95668
3;Station Hom;Michigan Movies;invoice port Cordoba;2021-11-27T07:48:31;2021-11-27T19:18:13;5th Ecuador Account;generate Account;Avon;false;13573
4;functionali;SMTP Supervisor;wireless Facilitator;2021-11-27T17:33:57;2021-11-27T04:08:05;Wisconsin;Michigan Koruna Pizza;methodologies;false;95374
5;Borders Kwa;navigate up cross-platform;deliver;2021-11-27T04:20:06;2021-11-27T22:45:51;structure enhance;invoice granular productivity;invoice Account synthesize;false;39059
6;Wyoming;Lead Account;Sleek Dynamic indexing;2021-11-27T01:25:12;2021-11-27T19:25:08;Maine Loan Rhode;Licensed mint;Pants;true;83533
7;architectur;Cambridgeshire support;Drive Ecuador;2021-11-27T16:55:48;2021-11-27T16:35:27;Orchestrator reintermediate;Senior Pine;navigating indexing;false;14942
8;deposit Sle;reintermediate deposit unleash;Forint asymmetric Exclusive;2021-11-27T02:12:04;2021-11-27T13:23:46;empower Personal;Phased channels reciprocal;Hawaii neural;false;14584
9;Gorgeous in;Lesotho Dinar encompassing;SMTP ability;2021-11-27T23:32:36;2021-11-27T22:31:56;Carolina Plaza;Devolved deploy;Grocery innovative;true;96435
10;Future;transitional Table;product Architect quantify;2021-11-27T16:36:40;2021-11-27T13:14:40;Refined pixel;synthesizing asynchronous Track;Officer microchip;true;80561
