id;uid;code;name;description;created;last_updated;mobile
1;invoice sys;Interactions;Ball Sandwich;Bedfordshire Electronics port;2021-10-31T05:05:41;2021-10-31T07:42:42;capability indexing
2;PCI;index feed International;withdrawal parse Future-proofed;Indiana Rustic;2021-10-31T13:30:26;2021-10-31T21:05:23;virtual Concrete
3;solutions;pixel Nebraska;Kwacha Rubber Dram;generation Georgia invoice;2021-10-31T05:09:28;2021-10-31T06:26:51;repurpose Tasty
4;Gourde salm;Practical Kroon;pink upward-trending override;Rubber;2021-10-31T20:51:58;2021-10-31T22:39:22;Buckinghamshire Handcrafted Pants
5;Toys;Fresh Investment Soft;payment Plastic white;cross-media Investor;2021-10-31T01:29:22;2021-10-31T18:58:51;Jewelery
6;Virginia;white;Ameliorated;green Security;2021-10-31T07:53:04;2021-10-31T13:52:32;bypassing
7;Cotton SDD;Shoes Soft;Division;Tactics Bedfordshire;2021-10-31T23:43:05;2021-10-31T04:53:02;HTTP
8;Oklahoma Br;port Iraq;Usability;recontextualize Ergonomic Plastic;2021-10-31T13:38:51;2021-10-31T13:32:43;bricks-and-clicks users Supervisor
9;azure Georg;24/365 platforms Designer;Analyst cyan;Orchestrator Circles;2021-10-31T22:25:19;2021-10-31T14:39:49;Manager
10;Cambridgesh;Executive Quality Account;Incredible;markets sticky Frozen;2021-10-31T06:42:06;2021-10-31T10:39:03;Agent out-of-the-box
