id;uid;code;name;short_name;description;created;last_updated;expiry_days;timely_days
1;Berkshire;User Metal African;Baby;New;Integrated;2021-10-31T21:20:48;2021-10-31T02:22:01;85620;34504
2;transmittin;Metal parse index;Loti;Frozen Green project;driver XSS;2021-10-31T03:55:06;2021-10-31T22:48:39;12672;710
3;deposit;PNG maximize;payment Fresh Global;Car;Uzbekistan Loan;2021-10-31T20:38:50;2021-10-31T05:54:12;36482;29698
4;user-centri;cyan;open-source interface;Customer;Sleek Product;2021-10-31T09:07:46;2021-10-31T18:58:51;57051;43127
5;Street;Cambridgeshire Som;generate;Garden Specialist;View high-level;2021-10-31T07:28:52;2021-10-31T09:25:41;3807;13060
6;brand;Market withdrawal Caicos;bandwidth;Cotton Branding Handcrafted;Analyst Small;2021-10-31T20:37:35;2021-10-31T19:00:55;20676;55388
7;Albania;transmitting;Cotton;salmon Villages lavender;orange synthesizing Chicken;2021-10-31T19:41:05;2021-10-31T23:18:14;8340;68858
8;calculating;copy Inverse seize;panel Granite;Estate Account Turnpike;bypass;2021-10-31T22:58:40;2021-10-31T09:26:44;19945;60274
9;Avon synthe;Salad bandwidth-monitored;Small;relationships Avon;Avon;2021-10-31T06:42:52;2021-10-31T12:39:33;49139;87973
10;bricks-and-;Alaska;SMTP Supervisor Books;budgetary;synthesize payment Quality;2021-10-31T15:11:23;2021-10-31T03:06:56;38370;56381
