id;uid;code;name;created;last_updated;title;cover_image_uid;subtitle
1;Estonia Tab;Down-sized;24/365;2021-11-27T00:56:02;2021-11-27T19:03:17;Dollar Franc backing;National;generate
2;seamless we;Account;global artificial;2021-11-27T06:01:46;2021-11-27T18:24:36;Soft Checking Island;payment Frozen Ports;Brazil Health
3;web-enabled;Refined Computer;Seychelles Marks;2021-11-27T06:27:17;2021-11-27T13:45:01;Plastic Bedfordshire generating;cross-platform Fish;definition Handcrafted
4;auxiliary p;Consultant;Awesome Pennsylvania;2021-11-28T00:02:02;2021-11-27T03:18:12;AI South;Frozen Shirt facilitate;wireless
5;global inte;Practical;Sleek Chicken;2021-11-27T09:15:17;2021-11-27T23:32:19;client-driven Fresh Representative;engine;Delaware approach
6;implement L;interactive;matrix loyalty Mouse;2021-11-27T15:27:42;2021-11-27T17:41:06;Account override;radical Car;multi-state
7;Forward com;e-markets Wisconsin cyan;Sausages transform;2021-11-27T00:45:15;2021-11-27T00:49:43;Namibia;Agent Plastic;National Metal Handcrafted
8;Corporate q;Tennessee Fantastic;ability Libyan;2021-11-27T05:14:19;2021-11-27T14:21:02;Markets Arizona Market;orchid Steel Account;Nevada capacity
9;Avon;deliverables open-source Coordinator;purple Sweden;2021-11-27T19:52:57;2021-11-27T01:15:21;engineer programming;Self-enabling Account;Incredible Producer Director
10;Dollar Rupe;Bacon;Sudanese Devolved;2021-11-27T02:16:48;2021-11-27T04:09:02;Gorgeous override Kentucky;Focused grey Jewelery;Concrete digital Consultant
