id;uid;code;description;created;last_updated;member_no;member_type;malaria_unit_id
1;SSL;Wall target Sports;Avon Account bifurcated;2021-10-31T04:45:04;2021-10-31T04:32:31;45912;ENTOMOLOGIST;1
2;Practical b;Accountability Leu Applications;Plastic;2021-10-31T20:41:54;2021-10-31T21:23:38;3763;ENTOMOLOGIST;2
3;Malagasy pu;Optional Gloves Summit;transmit Silver;2021-10-31T16:41:00;2021-10-31T01:31:41;2650;ENTOMOLOGIST;3
4;Fresh ADP F;Turkish Intelligent Stravenue;pixel;2021-10-31T00:28:16;2021-10-31T16:26:58;66060;LAP;4
5;partnership;Future Freeway wireless;Secured Pennsylvania Credit;2021-10-31T14:21:46;2021-10-31T05:47:28;16811;LAP;5
6;technologie;Movies Hat ROI;Soft Minnesota Generic;2021-10-31T10:02:33;2021-10-31T01:03:46;35591;ENTOMOLOGIST;6
7;Internation;services client-driven Auto;Officer;2021-10-31T23:15:10;2021-10-31T06:25:15;62710;OTHER;7
8;deploy abil;streamline;Pennsylvania COM payment;2021-10-31T00:26:03;2021-10-31T13:26:54;68174;OTHER;8
9;Garden Seam;Place Executive Beauty;Pants;2021-10-31T22:37:20;2021-10-31T05:27:28;16267;MEMBER;9
10;Quality-foc;engineer;Representative Fully-configurable;2021-10-31T20:47:05;2021-10-31T12:05:04;2278;DOCTOR;10
