id;uid;code;name;short_name;description;created;last_updated
1;Chicken;interactive Via;Usability Cambridgeshire transmit;Maine Handcrafted;program Idaho XSS;2021-10-31T14:11:24;2021-10-31T21:55:32
2;Books Distr;Chief;programming;back-end monetize;plum Spurs;2021-10-31T12:24:03;2021-10-31T13:55:37
3;Dakota;task-force EXE;Steel Reverse-engineered Bedfordshire;Trinidad;web-readiness;2021-10-31T16:17:38;2021-10-31T22:46:24
4;Island;Handmade connect;info-mediaries;Hat;RSS cyan bricks-and-clicks;2021-10-31T04:22:45;2021-10-31T00:39:18
5;Metal Speci;payment Handmade;Steel Direct application;Avon;Beauty Licensed Run;2021-10-31T16:15:37;2021-10-31T11:23:32
6;web distrib;Communications management Borders;Gorgeous;Clothing;withdrawal interface;2021-10-31T21:39:04;2021-10-31T11:53:13
7;withdrawal;XSS architectures Borders;Fresh Macedonia;end-to-end Mouse HDD;payment USB multi-byte;2021-10-31T21:57:19;2021-10-31T01:55:00
8;Concrete;Cotton Health;Intelligent;Buckinghamshire;input Unbranded;2021-10-31T01:50:13;2021-10-31T17:34:55
9;Account;program Republic;Seychelles Fantastic open-source;Liaison grow Optimization;paradigms optical dynamic;2021-10-31T10:01:05;2021-10-31T14:53:00
10;Direct;parse;Granite quantify;withdrawal North Branding;Tasty;2021-10-31T07:11:46;2021-10-31T11:52:52
