id;uid;code;name;short_name;created;last_updated;path;hierarchy_level;opening_date;comment;closed_date;url;contact_person;address;email;phone_number;organisation_unit_type
1;Concrete;AGP program Kids;ivory;innovative;2021-10-30T23:50:33;2021-10-31T05:16:47;applications Executive;50983;2021-10-31;background;2021-10-31;https://faustino.name;Avon copying Wyoming;mobile;Abdul87@gmail.com;primary Kids state;SUBVILLAGE
2;Trail model;paradigms driver bypass;Chicken reboot compressing;Pennsylvania multi-byte;2021-10-30T23:53:20;2021-10-30T23:50:27;Home;76718;2021-10-31;Pants Cotton deposit;2021-10-31;https://lucas.info;emulation;Island bluetooth;Carleton.Schulist@hotmail.com;Home;GOV
3;Investor mi;ivory;(Slovak;red;2021-10-31T15:56:35;2021-10-31T02:31:25;Isle GB;96405;2021-10-31;project intermediate;2021-10-31;http://karli.net;withdrawal local Program;innovative Dollar Realigned;Kameron_Hoppe81@gmail.com;overriding Pennsylvania GB;VILLAGE
4;Producer;syndicate Kids Unit;teal Dinar;Gold schemas;2021-10-31T17:57:08;2021-10-31T07:21:57;Investor Rhode PCI;3781;2021-10-31;infrastructures;2021-10-31;http://jaeden.biz;Strategist online stable;Future-proofed generate;Jo.Mante@gmail.com;Tuna Locks;COUNTRY
5;sky impactf;navigating Taiwan;Granite transmitting;Account;2021-10-31T05:52:39;2021-10-30T23:59:33;Cotton pixel;92469;2021-10-31;Borders;2021-10-31;https://maximo.name;interfaces success;Internal;Westley_Swift88@yahoo.com;Pizza connect Cheese;SUBVILLAGE
6;Small Avon ;Computers View Soft;Factors;Seamless;2021-10-31T04:12:19;2021-10-31T04:00:22;Avon monetize;23173;2021-10-31;virtual;2021-10-31;http://benny.net;payment;Territory Corporate;Orie_Hilll55@hotmail.com;Shoes Awesome Program;COUNTRY
7;Buckinghams;purple Riyal Kids;Dynamic transmitting;user-facing;2021-10-31T11:06:14;2021-10-31T11:20:30;Producer Rubber Ameliorated;64482;2021-10-31;Berkshire;2021-10-31;http://juwan.net;copying;Plastic;Freeman73@yahoo.com;driver calculating hack;GOV
8;Pizza back-;Handmade lavender Account;TCP quantifying group;Ergonomic overriding Future;2021-10-31T11:46:06;2021-10-31T23:14:06;vortals;52792;2021-10-31;cultivate XSS;2021-10-31;https://demond.com;Bedfordshire architect;Archipelago) Developer;Mikayla.Leffler30@yahoo.com;Rand;DISTRICT
9;lime;hub;PCI calculating;SAS capacitor;2021-10-31T15:19:49;2021-10-31T13:47:35;transmit Pizza disintermediate;45067;2021-10-31;Account SCSI web-readiness;2021-10-31;http://jefferey.name;synthesizing grey Mouse;Metal viral calculate;Bennie53@hotmail.com;logistical;DISTRICT
10;Sri Account;Avon;loyalty Plastic Land;calculate client-driven;2021-10-31T01:39:46;2021-10-31T09:21:35;Glen;32218;2021-10-31;Steel Louisiana;2021-10-31;http://elyse.biz;extend;Station generate;Laurine42@yahoo.com;conglomeration;VILLAGE
