id;uid;code;name;created;last_updated;level;offline_levels
1;Fuerte;Grass-roots repurpose;Practical benchmark;2021-10-31T15:06:00;2021-10-31T23:12:59;58759;87749
2;generating;payment navigating Customer;indigo USB;2021-10-31T16:49:56;2021-10-31T04:38:38;29858;38383
3;solutions;Dollar Buckinghamshire;portals;2021-10-31T21:41:01;2021-10-31T16:40:40;60249;94555
4;Direct Lead;Centralized intuitive 1080p;Mouse programming Savings;2021-10-31T04:04:08;2021-10-31T08:50:23;69034;50145
5;online;array transition;Towels CSS;2021-10-31T16:13:30;2021-10-31T11:18:28;8855;53663
6;Mississippi;Argentina;Central;2021-10-31T14:14:26;2021-10-31T04:12:52;74020;67647
7;web-readine;Pataca calculating;Guilder;2021-10-31T05:04:01;2021-10-31T15:42:05;97614;98940
8;bluetooth C;Trail;TCP Michigan;2021-10-31T07:39:37;2021-10-31T23:12:27;69674;1796
9;Dynamic;New Bacon Cotton;Shoes cross-platform International;2021-10-31T12:03:59;2021-10-31T04:53:19;12899;29696
10;Automotive;quantify Automotive enterprise;China best-of-breed Handmade;2021-10-31T07:26:57;2021-10-31T09:46:17;33045;25612
