id;uid;code;name;created;last_updated;uuid
1;solution-or;Buckinghamshire cross-platform;Computer;2021-10-31T22:55:36;2021-10-31T01:10:05;786a4c27-e784-4953-a079-c5bf7e47a217
2;asynchronou;functionalities seize Architect;Accountability;2021-10-31T12:16:30;2021-10-31T06:17:34;d0df9ba7-9b98-4aeb-8f06-740804ddcb15
3;Frozen bypa;frame transmitting deposit;Personal;2021-10-31T22:06:19;2021-10-31T06:02:27;c6077bd0-cf61-48df-b105-54e9eb4b0b73
4;payment;Vermont Garden deposit;markets reboot Supervisor;2021-10-31T04:38:33;2021-10-31T15:43:34;2b5c36ae-0d97-49a7-9c2c-32194d6df65b
5;SCSI Avon c;Director Sheqel Future;UIC-Franc;2021-10-31T08:03:42;2021-10-31T13:31:15;17267bc0-6495-4c4a-a289-3078da67b050
6;BEAC Niger;Ville;Ameliorated Fresh Toys;2021-10-31T07:12:48;2021-10-31T21:22:25;fe94997c-defd-4ef4-b7f0-327db9f47ecf
7;salmon Russ;Reverse-engineered;lime Mozambique Belarus;2021-10-31T09:45:18;2021-10-31T00:27:09;5bc8dbc2-124e-4702-8f64-b3d378ebdfe9
8;Wooden Conf;Fresh SSL;Kazakhstan withdrawal ivory;2021-10-31T14:46:04;2021-10-31T03:12:55;e958c767-3723-42b8-b7a8-74693df29355
9;Ergonomic;firewall;Exclusive;2021-10-31T03:08:57;2021-10-31T16:08:31;70e774e8-aef1-4b29-97aa-5f3fbdf72513
10;withdrawal;Tasty;Wooden Tasty Computer;2021-10-31T21:14:27;2021-10-31T23:14:18;2fb7b059-609f-4985-8a4b-15b92bc3d8fb
