id;uid;code;name;description;created;last_updated
1;Central car;Bedfordshire asymmetric;Product Product azure;Jewelery synthesizing Tuna;2021-10-31T04:33:47;2021-10-31T07:14:37
2;deposit Lia;bluetooth JBOD alarm;array;Switchable migration;2021-10-31T14:54:22;2021-10-31T23:13:37
3;Alabama Adm;deposit Pants hacking;Borders;Bike Georgia bi-directional;2021-10-31T14:25:53;2021-10-31T07:02:57
4;Home;Product;AGP;withdrawal Canyon;2021-10-31T14:41:36;2021-10-31T02:55:57
5;Spring neur;Chair Tasty Right-sized;bandwidth Kids;People's;2021-10-31T11:50:28;2021-10-31T21:07:47
6;Cotton Reve;Granite Mayotte;structure protocol;Shirt repurpose optimize;2021-10-31T14:40:04;2021-10-31T22:37:25
7;Cotton rein;Silver Mississippi;visionary;supply-chains;2021-10-31T13:41:00;2021-10-31T21:37:50
8;Gorgeous Mo;Assurance Health;Metrics;1080p Incredible;2021-10-31T22:47:33;2021-10-31T07:12:10
9;wireless Cr;deposit Reactive Keyboard;Tennessee Account;full-range;2021-10-31T04:48:44;2021-10-31T07:51:56
10;blue;Concrete transmitting Cambridgeshire;Granite matrices;value-added Sleek THX;2021-10-31T07:12:54;2021-10-31T19:46:36
