id;uid;name;created;last_updated;url
1;hack Metal ;users;2021-11-27T22:03:11;2021-11-28T01:07:57;https://eulalia.net
2;Borders Sin;orchid Carolina mobile;2021-11-28T17:29:29;2021-11-28T08:35:57;https://destinee.biz
3;Technician ;withdrawal;2021-11-27T22:37:21;2021-11-28T18:15:11;http://kaylin.net
4;deposit;National Manager;2021-11-28T14:19:31;2021-11-28T13:58:19;http://beth.net
5;Bedfordshir;Sausages Lithuanian;2021-11-28T15:17:41;2021-11-28T11:09:57;http://lysanne.info
6;Wisconsin;analyzing;2021-11-28T13:25:22;2021-11-28T03:12:54;https://armand.org
7;Producer RS;deposit state out-of-the-box;2021-11-28T13:36:55;2021-11-28T07:08:28;https://paris.com
8;contextuall;rich Bedfordshire Jewelery;2021-11-28T13:16:52;2021-11-28T11:54:44;http://myrna.biz
9;Associate;Mobility purple;2021-11-28T09:37:47;2021-11-28T18:05:37;http://kaitlin.info
10;Generic opt;hacking Accountability;2021-11-28T12:50:54;2021-11-27T19:32:54;https://vidal.biz
